{
    "model": "GRU_SVM",
    "metrics": {
        "accuracy": 0.9473684210526315,
        "FPR": 0.078125,
        "FNR": 0.037383177570093455,
        "TPR": 0.9626168224299065,
        "TNR": 0.921875
    },
    "hyperparameters": {
        "batch_size": 128,
        "cell_size": 128,
        "dropout": 0.5,
        "learning_rate": 0.001,
        "svm_C": 5,
        "norm": "L2"
    },
    "epochs": 3000,
    "datapoints": 384000
}