{
    "model": "GRU_SVM",
    "metrics": {
        "accuracy": 0.9707602339181286,
        "FPR": 0.015625,
        "FNR": 0.037383177570093455,
        "TPR": 0.9626168224299065,
        "TNR": 0.984375,
        "confusion_matrix": {
            "TN": 63,
            "FP": 1,
            "FN": 4,
            "TP": 103
        }
    },
    "hyperparameters": {
        "batch_size": 128,
        "cell_size": 128,
        "dropout": 0.5,
        "learning_rate": 0.001,
        "svm_C": 5,
        "norm": "L2"
    },
    "epochs": 3000,
    "datapoints": 384000
}